ID	PRIORITA	STATO	PILASTRO	SEZIONE	FILE	LINEA_INIZIO	LINEA_FINE	ESTRATTO	VINCOLO	DESCRIZIONE	VERIFICA	IMPATTO	PRESCRIZIONE	COLLEGAMENTI	RED_TEAM
A01	P1	CONFERMATA	4	Toolkit (schede, Protocollo 180 s, Tabella)	capitoli/EPILOGO_E_TOOLKIT_OPERATIVO.md	43	434	ha semplicemente chiesto un'integrazione di bilancio prima di deliberare l'estensione del fido di 150.000 euro	ADR0003:15 (schede «tarate sui 9 capitoli»); CONTEXT:65 (Disciplina della Telecamera = fatti registrabili)	Schede e micro-richiami dichiarano un capitolo d'origine e «Fatti della Telecamera», ma riportano numeri, date, citazioni e relazioni incompatibili con i capitoli: S3 fido 150.000 € e «integrazione di bilancio» (C03: 300.000 €, perizia del software); S4 consegna «entro venerdì alle 16:00» e «120 ore» libere (C04: 19 dicembre, riserva 34 h); S8 «2004», «due periti in uno scantinato», ALTRO non corrispondente all'accordo; S9 pagamento «entro fine mese» (C09: aprile/settembre); F1 «martedì» (C08: lunedì); F2 Gianni «nipote» (Marta è la figlia), «saletta sindacale» (mensa), citazione inesistente; F3 498.700 € come «debito taciuto» (C05: effetto dei parametri 3%/60 gg); F4 citazioni di Silvano e Marta assenti dai capitoli; Tab. «buco Apex in NexSys».	Confronto riga per riga scheda/capitolo (04_ARCHITETTURA_TOOLKIT.md); 14 incongruenze indipendenti.	Lo strumento operativo smentisce la narrazione da cui dichiara di derivare; il lettore che verifica trova fatti falsi: invalida l'architettura IO•ALTRI•ALTRO (ADR0003).	Riallineare ogni «Fatti della Telecamera», micro-richiamo e citazione al testo canonico: S3 → 300.000 € e supplemento istruttorio sulla perizia; S4 → 19 dicembre e 34 h di riserva; S8 → 2011, garage di via Tombetta, ALTRO = i 4 punti dell'accordo C08 L222-225; S9 → tranche aprile/settembre; L43 → lunedì; L52 → «la figlia», mensa, citazione C07 L104; L59 → 498.700 € come effetto dei parametri errati; L64 → domande effettive (C04 L238, C07 L199); L419-420 → Apex cliente perso da O.M.P. Rimuovere i fatti assenti dai capitoli (S6 L229, S8 L286, S9 L310) o introdurli nei capitoli.	S1 L89/L94; S2 L121-127; S6 L213/L233; S7 L251/L260; Tab. L413, L431, L434; L15	Superato (vedi 05_RED_TEAM.md)
A02	P1	CONFERMATA	2	Cap. 4 — Atto IV e Atto II	capitoli/CAPITOLO_04_LA_PROMESSA_E_LA_MACCHINA.md	250	275	«perfettamente assorbibile nelle 34 ore di riserva tecnica dell'officina senza toccare Kuka»	ADR0002:14 (verità industriale); CONTEXT:77 (Feasibility Check)	L'accordo dell'Atto IV assegna 50 distributori alla riserva di 34 h: 50 × 50 min = 2.500 min = 41,7 h > 34 h (e la riserva guasti si azzera). L250: «due macchine a cinque assi che abbiamo libere» contro la saturazione dichiarata (L23 residuo 34 h; L47 isole 3-4 al 99%); «diciotto giorni pieni lavorando ventiquattr'ore»: 125 h per macchina / 24 h = 5,2 giorni.	Ricalcolo da dati interni (L20-23, L47, L55, L250, L275).	La lezione del capitolo (feasibility check fondato sui numeri) poggia su un calcolo falso: errore matematico con effetto diretto sulla risoluzione.	L275: ridurre il primo lotto a 40 pezzi (40 × 50 min = 33,3 h) oppure dichiarare che le 7,7 h eccedenti sono coperte da straordinario/terzista e che la riserva guasti scende a zero (rischio residuo esplicito). L250: «sono centoventicinque ore per macchina, più di cinque giorni pieni a ventiquattr'ore: giorni che non abbiamo, le due cinque assi sono sature fino al 22», eliminando «che abbiamo libere».	L55 («sedici ore al giorno»: iperbole difendibile; «diciotto giorni lavorativi»: conteggio lasco); L20-27 perimetro APS non verificabile; Toolkit S4 (A01)	Superato
A03	P1	CONFERMATA	4	Apparato «4. Note di Lavorazione e Registro di Continuità»	più file (vedi linee)	—	—	citato a riga 14 del Capitolo 8 (`bozze_capitoli/CAPITOLO_08_IL_GELO_TRA_PARI.md`) (C07 L356)	Pref L106-143 (Atto V = protocollo, Da Ricordare, ponte); ADR0002:17	Sette capitoli canonici (e il master) contengono sezioni di lavorazione interne: codici scena, percorsi di file, «riga 14», «bozza preliminare del brief», «sinossi primordiale», «ADR 0001», e asserzioni false sui capitoli (C02 L317: Kuka nel piano del Cap. 1; C07 L353: Marta nel Cap. 6 ed «emigrazione in Svizzera»; C08 L341: «sussurro esausto» di Luca; C09 L350: Enrico «perito»). Assenti in C01 e C06.	Lettura integrale; grep su «Codice Scena», «Note di Lavorazione».	Il testo destinato all'impaginazione stamperebbe materiale non editoriale e affermazioni contraddittorie; impedisce la consegna senza una decisione editoriale.	Espungere integralmente le sezioni «4. Note di Lavorazione…» da C02 (L303-320), C03 (L277-293), C04 (L345-360), C05 (L314-326), C07 (L342-360), C08 (L329-346), C09 (L337-350) e dal master; se si vuole un apparato di fonti, crearne uno unico a fine volume («Note e fonti»), privo di codici interni e verificato.	C02 L303-320; C03 L277-293; C04 L345-360; C05 L314-326; C07 L342-360; C08 L329-346; C09 L337-350	Superato
B01	P2	CONFERMATA	1	Calendario globale (anno)	più file (vedi linee)	—	—	sarà erogato nella busta paga di aprile 2027 (C09 L228)	Coerenza cronologica	Le coppie data-giorno fissano la storia tra novembre 2025 e marzo 2026 (14/11 ven, 1/12 lun, 11/12 gio, 14/01 mer, 23/01 ven, 9/02 lun, 4/03 mer) e il premio è «del 2025»; ma compaiono «budget 2026» a dicembre (C04 L264), «Budget Consolidato 2027» (C05 L11, L196, L260), «ORGANIGRAMMA 2027» (C07 L7), «VR-2027» (C08 L7), «CONVENTION 2027-2030» (C09 L10) e il patto paga «aprile 2027» (C09 L228) mentre Dario minaccia «Se ad aprile» (L250).	Calendario perpetuo; confronto etichette.	Il patto risolutivo del Cap. 9 risulterebbe differito di 13 mesi; anno narrativo non ricostruibile.	Fissare l'anno narrativo 2025-2026 e correggere: C04 L264 «budget 2025»; C05 «Budget Consolidato 2026»; C07 L7 «2026»; C08 protocollo «VR-2026-…»; C09 L10 «2026-2029»; C09 L228 «aprile 2026 … settembre 2026».	C07 Note L355 «primavera 2027»	—
B02	P2	CONFERMATA	1	Anzianità e origine di Omnia	più file (vedi linee)	—	—	I primi contratti firmati nel 2011 dentro un garage gelato di via Tombetta (C08 L37)	Continuità lore	Fondazione 2011/15 anni (C05 L7, L13, L128, L152; C07 L334; C08 L37, L81, L113, L180) contro «vent'anni» (Pref L45; C01 L29; C05 L224 nello stesso capitolo; Toolkit L59, L202). Origine: «scantinato» (Pref L45; Toolkit L289) contro «garage di via Tombetta» (C05 L132; C08 L37).	Confronto occorrenze.	Contraddizione biografica sui protagonisti.	Uniformare a 15 anni/2011 e al garage di via Tombetta in Pref L45, C01 L29, C05 L224, Toolkit L59, L202, L289.	Toolkit L289 «2004» (A01)	—
B03	P2	CONFERMATA	1	Profilo di Paolo Zantedeschi	capitoli/CAPITOLO_06_LA_GUERRA_DEI_FOGLI_EXCEL.md	96	104	per ventotto anni Direttore Amministrativo di O.M.P. Precision prima di andare in pensione tre anni prima	Continuità personaggi (mandato: commercialista e revisore)	C06 lo presenta come ex Direttore Amministrativo di O.M.P. in pensione e «ragioniere capo in fabbrica per quarant'anni»; C01 L247 è consulente esterno incaricato della verifica, C08 L59 «commercialista storico di Omnia».	Confronto C01/C06/C08.	Personaggio incompatibile tra capitoli.	In C06 L96/L104 riformulare: «commercialista storico di Omnia e revisore, per anni consulente amministrativo di O.M.P.»; eliminare «Direttore Amministrativo… in pensione».	C06 L112 («Non so chi sia Marcolini»)	—
B04	P2	CONFERMATA	1	Profilo di Davide	capitoli/CAPITOLO_09_IL_CINISMO_DI_REPARTO.md	125	274	E a Davide, che ha vent'anni e da stamattina guarda il tornio come se fosse una gabbia	Continuità personaggi (C02 L18: 28 anni, laurea triennale, collaudatore)	C09 L125 gli attribuisce vent'anni; C09 L274 e Toolkit L121 lo chiamano «perito».	Confronto C02/C09/Toolkit.	Incoerenza anagrafica e di formazione.	C09 L125 «che ha ventotto anni»; C09 L274 e Toolkit L121 «collaudatore».	Toolkit L121	—
B05	P2	CONFERMATA	2	Parco macchine O.M.P.	capitoli/CAPITOLO_09_IL_CINISMO_DI_REPARTO.md	274	274	novantotto macchine utensili girano a regime	ADR0001:12 (44 macchine); C02 L10; C04 L12; C07 L60	C09 cita 98 macchine contro 44. Inoltre ADR0001 parla di «44 macchine a 5 assi Mori Seiki», C04 L12 di 22 centri a cinque assi + 12 torni + 10 rettifiche.	Confronto occorrenze e governance.	Dato industriale contraddittorio.	C09 L274 «quarantaquattro macchine»; aggiornare ADR0001:12 in «44 macchine utensili, di cui 22 centri Mori Seiki a 5 assi».	—	—
B06	P2	CONFERMATA	2	Tolleranze e strumenti di misura (conflitto di governance G1)	più file (vedi linee)	—	—	Qui dentro i pezzi girano a centesimi (C02 L227)	ADR0001:12 («centesimo di millimetro») vs CONTEXT:93-95 e ADR0002:14 (2 micron, «Avoid: tolleranza centesimale»)	Il conflitto di governance si riflette nel testo: Pref L46 «centesimo»; C02 L10 «quattro millesimi» vs L227 «centesimi» e L78 «micrometro centesimale» per certificare i pezzi; C04 L55/L85 Hydac «sei micron» (CONTEXT: 2 µm); C07 L161/199/232/246 «sei micron» e L252 azzeramento «a sei micron con precisione centesimale»; C08 L11 «tolleranze centesimali»; C09 L278 «due micron»; Toolkit 2 µm/35 °C; Manifesto L450 «centesimo».	Confronto governance/testo; risoluzione strumentale (0,01 mm non verifica 2-6 µm).	Verità industriale (ADR0002) non garantita; incoerenza tecnica ricorrente.	Governance: allineare ADR0001:12 a CONTEXT:93 (0,002 mm su Kuka/Hydac). Testo: usare la tolleranza canonica per i pezzi critici e «centesimi» solo per lavorazioni non critiche; sostituire micrometro centesimale/calibro (C02 L78, L92) e «precisione centesimale» (C07 L252) con strumenti adeguati (micrometro millesimale, comparatore, tastatore con ripetibilità ≤ 1 µm, CMM); correggere Pref L46, C02 L227, C04 L55/L85, C07 L161/199/232/246, C08 L11, Manifesto L450.	Conflitto G1 (00_PRE_FLIGHT)	Declassato da P1 (vedi 05_RED_TEAM)
B07	P2	CONFERMATA	2	Materiale delle boccole Kuka	capitoli/CAPITOLO_07_LA_RICONOSCENZA_NEGATA.md	161	199	scarti seriali sulle boccole in titanio a sei micron	C02 L12, L233 (boccole in 7075-T6/ergal)	C07 rende le boccole Kuka «in titanio» e associa «boccole» anche a Hydac (che in C04 sono distributori); L252 parla invece di «alluminio».	Confronto C02/C04/C07.	Incoerenza tecnica tra capitoli.	C07 L161 e L199: «boccole in ergal per Kuka e distributori in titanio per Hydac».	C07 L252	—
B08	P2	CONFERMATA	2	Climatizzazione del capannone O.M.P.	capitoli/CAPITOLO_04_LA_PROMESSA_E_LA_MACCHINA.md	12	12	La temperatura interna era stabilizzata a venti gradi centigradi esatti	Continuità ambientale	C04 dichiara il capannone climatizzato a 20 °C, mentre C02 L233 (dieci gradi; contrazione di 3 centesimi), C07 L66/L209 (gelo d'inverno, «sotto i dieci gradi») e C09 L49 (quaranta gradi d'estate, servono raffrescatori) lo descrivono non climatizzato.	Confronto capitoli.	Contraddice il presupposto tecnico del Cap. 2 e il patto del Cap. 9.	C04 L12: limitare la climatizzazione alla sala metrologica/collaudo o eliminarla.	—	—
B09	P2	CONFERMATA	1	Istituto di credito (NexSys / rete)	capitoli/CAPITOLO_03_LA_CASSA_CHE_BRUCIA.md	14	178	La sede direzionale della Banca Popolare del Distretto in Corso Cavour	ADR0001:13 (Mediocredito/FCG); mandato (fido presso Mediocredito)	In C03 il conto e il fido sono «presso Mediocredito» (L14) ma la trattativa avviene alla «Banca Popolare del Distretto» con la stessa funzionaria (L178); C05 alterna Banca Popolare (L11, L43, L47, L102, L240) e Mediocredito (L102, L220, L236) per lo stesso spread; Pref L47 «Banca Popolare».	Confronto occorrenze.	Istituto non identificabile; incoerenza su un perno della trama finanziaria.	Adottare Mediocredito per fido NexSys e linee di rete; correggere C03 L178 (e note), C05 L11, L43, L47, L124, L128, L196, L240, Pref L47.	C01 L105 «Mediocredito»	—
B10	P2	CONFERMATA	1	Calendario di cassa del Cap. 3	capitoli/CAPITOLO_03_LA_CASSA_CHE_BRUCIA.md	75	222	Quando giovedì 27 alle 16:30 squillò il telefono e la Bignami confermò l'accredito	Coerenza temporale	Il 27 è giovedì (L14) ma Marco teme il fallimento «mercoledì mattina» (L75); la delibera è «esecutiva giovedì mattina» (L216); ai dipendenti si annuncia l'erogazione «venerdì 28» con stipendio al 50% e saldo lunedì (L220); l'accredito arriva giovedì 27 alle 16:30 (L222).	Calendario 2025.	Sequenza contraddittoria che svuota lo scaglionamento.	L75 «giovedì mattina»; scegliere una sola data di erogazione: o venerdì 28 (togliere L222 «giovedì 27…») o giovedì sera, con saldo anticipato al venerdì.	—	—
B11	P2	CONFERMATA	4	Atto IV — chiusure consolatorie	più file (vedi linee)	—	—	Aveva smesso, però, per il resto della sua vita professionale, di scambiare il panico (C03 L226)	Pref L131 («NESSUN LIETO FINE»), L142 («Non esistono conversioni miracolose, abbracci consolatori»); SKILL 4.1/4.3	C03 L220 unanimità («Diciotto mani… all'unisono»), L226 conversione definitiva; C04 L238 «non succederà mai più», L291 «pacificato», L293; C07 L209-238 esito pieno (Moretti capitola, l'AD approva in sei secondi +28%, autorità «insindacabile») e L213 «il veleno… era svanito»; C08 L196-235 perdono, abbraccio e riconciliazione in 24 ore.	Lettura Atti IV; red-team SKILL 4.3.	Viola il modello dell'Atto IV in 4 capitoli (elementi contrattuali presenti, registro consolatorio).	C03: inserire un'obiezione e un costo (scaglionamento non unanime), togliere «per il resto della sua vita»; C04: togliere «mai più» e «pacificato», lasciare rabbia residua e rischio della riserva; C07: aggiungere una contropartita o un limite (decorrenza differita, periodo di verifica, firma congiunta sul fermo lotti) e togliere L213; C08: sostituire perdono/abbraccio con un gesto materiale e un residuo (recesso non ancora ritirato, visita medica in sospeso).	C05 e C09 conformi	—
B12	P2	CONFERMATA	3	Cap. 4 — metalabel e neurolessico in Atti I e IV	capitoli/CAPITOLO_04_LA_PROMESSA_E_LA_MACCHINA.md	12	260	il corpo di Silvano fu squassato da una detonazione neurosimpatica violentissima	ADR0002:13 (Deep POV Grado 4), ADR0002:17 (purezza Atti I, II, IV)	Etichette cliniche e commenti autoriali in scena: L12 «sembrava», L59, L61 («tremila hertz», «centoventi pulsazioni»), L69 («cono percettivo»), L83 («identità professionale»), L85 («impulso motorio»), L87, L95 («ultimo neurone»), L157, L226 («codificata come una violazione territoriale»), L236 («domanda di processo»), L242, L260 («punto cieco»).	Scansione lessicale + lettura.	Rompe il Deep POV nel capitolo più tecnico.	Sostituire ogni etichetta con percezione o azione dal mestiere di Silvano (rumore, mani, pezzo); eliminare metriche non percepibili (hertz, pulsazioni) e il lessico del metodo nelle scene.	Revisione alternativa in revisioni/2026-09-29_CAPITOLO_04 già priva di questi residui	—
B13	P2	CONFERMATA	3	Cap. 2 — POV e saggistica in scena	capitoli/CAPITOLO_02_IL_SOLLIEVO_FITTIZIO.md	24	235	Era la sensazione fisiologica intollerabile della crudeltà	ADR0002:13, :17; SKILL 3.3 (double telling)	L24 «Sembrava»; L38 etichetta astratta dopo i sintomi; L213 («Il corpo non risponde alle riflessioni razionali…») saggistica nell'Atto IV; L225 interiorità di Marta nel POV di Sara; L231 commento autoriale; L235 spiegazione onnisciente delle tre menti.	Lettura + scansione.	Distanza narrativa nei passaggi chiave.	Tagliare L38 seconda frase, L213 seconda e terza frase, L231; trasformare L235 in percezione di Sara limitata a ciò che vede; L225 esteriorizzare.	—	—
B14	P2	CONFERMATA	3	Cap. 1 — saggistica nell'Atto II	capitoli/CAPITOLO_01_LE_EMOZIONI_NON_ARRIVANO_A_CASO.md	97	119	Una telecamera, naturalmente, non distribuisce la verità intera	ADR0002:17 (teoria solo in Atti III e V)	Il narratore espone il metodo della telecamera (L97, L107-119: «La separazione si vede meglio cambiando registro ai verbi…», «Il pensiero critico cominciava da lì…») dentro la scena di cucina.	Lettura.	Infiltrazione saggistica nell'Atto II.	Spostare L109-117 nella sezione «Il processo invisibile» (Atto III) o ridurle a un beat in scena.	—	—
B15	P2	CONFERMATA	3	Cap. 4 — beat economy nell'Atto II	capitoli/CAPITOLO_04_LA_PROMESSA_E_LA_MACCHINA.md	133	155	«Bene. Poi?»	SKILL 1.5 (max 3 battute senza beat)	Due sequenze di 5 battute consecutive senza beat fisico (L133-141; L147-155, solo attribuzioni «la corresse», «ringhiò»).	Scansione deterministica + verifica manuale.	Interrogatorio didascalico.	Inserire beat materiali (minestra, cucchiaio, sigaretta, piattino) a L137 e L151; sostituire le attribuzioni di L149/L153 con gesti.	C01 L67-73 (P3 C05)	—
B16	P2	CONFERMATA	3	Kitchen test — battute didattiche	più file (vedi linee)	—	—	Delegare non è un atto di fede mistica: è un metodo di ingegneria relazionale (C05 L138)	SKILL 1.2 (dialogo come negoziazione, non lezione)	C02 L146 Roberto presenta come fatto uno stato interno («prova una stretta acuta allo stomaco»), contraddicendo il metodo; C04 L155, L161 Luisa espone teoria degli incentivi e diagnosi; C05 L138 Elena parla da formatrice.	Kitchen test.	Personaggi ventriloqui dell'autore.	Riformulare le tre battute in lingua di mestiere e sottotesto (es. Elena: la scadenza, il foglio dei vincoli mai consegnato), lasciando la teoria all'Atto III.	—	—
B17	P2	PROBABILE	2	Cap. 2 — plausibilità giuridica del patto con Davide	capitoli/CAPITOLO_02_IL_SOLLIEVO_FITTIZIO.md	241	241	firma di un Addendum Formale di Addestramento Tecnico al CCNL Metalmeccanico	ADR0002:14 (verità materiale)	Un «addendum al CCNL» non si stipula individualmente; la «sospensione di trenta giorni» della contestazione confligge con l'immediatezza disciplinare; il «licenziamento per giusta causa» per un controllo saltato è sproporzionato; il patto ignora il contratto a termine in scadenza (L18) e prevede l'affiancamento «sul turno del mattino» per un collaboratore del turno delle 14 che accompagna il padre alle 5:30 (L32).	Conoscenza giuslavoristica generale (non verificata esternamente).	Atto IV meno credibile proprio sul piano «contrattuale».	«Addendum individuale (patto formativo)»; procedura disciplinare con tempi coerenti; sanzione conservativa progressiva al posto della giusta causa; aggiungere la clausola sul rinnovo del contratto a termine e l'orario compatibile.	—	—
B18	P2	PROBABILE	2	Cap. 8 — plausibilità sanitaria e giuridica dell'Atto IV	capitoli/CAPITOLO_08_IL_GELO_TRA_PARI.md	200	225	coperto da polizza assicurativa D&O	ADR0002:14	L200: crisi ipertensiva 180/100 con perdita del visus e consiglio del medico di «andare a casa al buio» (prassi: invio urgente in pronto soccorso), mentre Luca va a prendere il figlio (L27); L222: comunicare al Collegio Sindacale la mail come «mero disguido tecnico» (dichiarazione non veritiera); L225: il «Sabbatical Medico» coperto da polizza D&O (responsabilità degli amministratori, non copertura sanitaria/reddituale).	Conoscenza tecnica generale (non verificata esternamente).	La «verità contrattuale» dell'accordo è viziata.	L200: il medico lo manda in PS, Luca rifiuta e chiama la moglie per il figlio; L222: «dichiarando superata la comunicazione e confermando la collegialità»; L225: polizza key-man/income protection al posto di D&O.	—	—
B19	P2	PROBABILE	2	Citazioni dirette non verificabili	più file (vedi linee)	—	—	Il dolore dell'esclusione sociale o del tradimento fiduciario è processato come un danno tissutale severo (C07 L128)	Fact-checking; Pref L57 (pilastri scientifici)	Citazioni virgolettate attribuite ad autori reali senza riferimento puntuale e non riconducibili a testi noti: Damasio (C05 L150; C07 L128), Kahneman/Bloom (C08 L131: la seconda frase non è nell'originale), Lazarus & Folkman (C09 L160).	Confronto con le opere citate per quanto noto; NON VERIFICABILE ESTERNAMENTE nelle edizioni.	Rischio di attribuzione apocrifa in un'opera di saggistica.	Verificare sulle edizioni (pagina) o convertire in parafrasi senza virgolette con rinvio bibliografico.	C05 L148 «coincidono esattamente» (overclaim)	—
B20	P2	CONFERMATA	2	Prefazione — Core Relational Theme della rabbia	capitoli/PREFAZIONE_METODOLOGICA.md	91	91	La **rabbia** scatta davanti a una *demanding offense*	Fact-checking (Lazarus 1991); coerenza interna (C04 L179)	La formula di Lazarus è «a demeaning offense against me and mine»; «demanding» ne altera il senso. Lo stesso libro la cita correttamente in C04 L179.	Verifica esterna: https://en.wikipedia.org/wiki/Core_relational_theme (consultata 2026-10-01) + C04 L179.	Errore concettuale nella sezione teorica fondativa.	«davanti a una *demeaning offense against me and mine* (un'offesa svilente contro di me e ciò che è mio)».	—	—
B21	P2	CONFERMATA	4	Protocollo 180 s — respirazione 4-7-8	capitoli/EPILOGO_E_TOOLKIT_OPERATIVO.md	42	42	trattieni l'aria per 2 secondi, espira dalla bocca socchiusa per 7 secondi	CONTEXT:50 (IO = espirazione prolungata 4-7-8)	La tecnica etichettata «4-7-8» è descritta come 4-2-7; la riduzione di «10–15 battiti al minuto» non ha fonte.	Confronto con CONTEXT e con la stessa etichetta.	Strumento operativo errato nel punto più usato del toolkit.	«Inspira per 4 secondi, trattieni per 7, espira per 8» (un ciclo ≈ 19 s, quindi «circa due cicli nei primi 30-40 secondi»); togliere «10–15 battiti» o citarne la fonte.	S1 L92 «Espira per 7 secondi»	—
C01	P3	CONFERMATA	3	Cap. 1 — refuso	capitoli/CAPITOLO_01_LE_EMOZIONI_NON_ARRIVANO_A_CASO.md	41	41	, Zucchero sull'offesa.	Correttezza formale	Maiuscola dopo virgola e frase nominale monca.	Lettura.	Basso.	«…dalla responsabilità decisionale: zucchero sull'offesa.»	—	—
C02	P3	CONFERMATA	3	Cap. 1 — intrusione onnisciente	capitoli/CAPITOLO_01_LE_EMOZIONI_NON_ARRIVANO_A_CASO.md	45	45	La frase era falsa, e nella stanza lo era per tutti, Andrea compreso.	Deep POV	Il narratore certifica lo stato di tutti i presenti.	Lettura.	Basso.	Ridurre al POV di Andrea («La frase era falsa, e Andrea lo sapeva»).	—	—
C03	P3	CONFERMATA	1	Cap. 1 — continuità di scena	capitoli/CAPITOLO_01_LE_EMOZIONI_NON_ARRIVANO_A_CASO.md	81	89	Sprezzante come? Parole, volume, faccia	Continuità	Il coltello è posato (L57), poi «fermo a mezz'aria» (L81) senza ripresa, poi «riprese» (L89); Elena dice «Sprezzante» ma Andrea aveva detto solo «Male» (L79).	Lettura.	Basso.	L81 «riprese il coltello»; L89 «Male come?» o far dire ad Andrea «sprezzante».	—	—
C04	P3	CONFERMATA	2	Cap. 1 — terminologia penale	capitoli/CAPITOLO_01_LE_EMOZIONI_NON_ARRIVANO_A_CASO.md	247	247	due per mille al giorno sull'importo non erogato	Precisione terminologica	«Non erogato» è lessico del credito; per un ordine di fornitura: importo non consegnato/non evaso.	Lettura.	Basso.	«sull'importo non consegnato».	—	—
C05	P3	CONFERMATA	3	Cap. 1 — beat economy	capitoli/CAPITOLO_01_LE_EMOZIONI_NON_ARRIVANO_A_CASO.md	67	73	«Stavamo per decidere.»	SKILL 1.5	Quattro battute consecutive senza beat.	Scansione + verifica.	Basso.	Inserire un gesto di Elena o di Andrea a L71.	—	—
C06	P3	CONFERMATA	1	Cap. 2 — raccordi orari e logistici	capitoli/CAPITOLO_02_IL_SOLLIEVO_FITTIZIO.md	74	223	Il corriere tedesco è passato alle sei e venti.	Continuità	L74 trasportatore LogiDistretto alle 06:00 vs L219 «corriere tedesco» alle 06:20; L78 turno di Marta finito alle 19:30 e «passaggio consegne per il terzo turno» alle 19:42; timbratura 21:05 (L92) vs «tre ore» (L195, L223, L275); L223 «ieri sera» per un colloquio delle 16:30.	Lettura.	Basso.	Uniformare vettore e orari; «ieri pomeriggio».	—	—
C07	P3	CONFERMATA	1	Cap. 2 — ruolo di Silvano	capitoli/CAPITOLO_02_IL_SOLLIEVO_FITTIZIO.md	76	76	Silvano, il caporeparto	Terminologia di ruolo	Altrove «capofficina» (Pref L25, L46; C07 L38; C09).	Confronto.	Basso.	«il capofficina».	—	—
C08	P3	CONFERMATA	1	Anzianità di Silvano	più file (vedi linee)	—	—	capofficina con quarant'anni di mestiere nel sangue (Pref L46)	Continuità	Pref L46 e C07 L11 «quarant'anni» vs C04 L10/L121 «trentaquattro anni» (58 anni d'età).	Confronto.	Basso.	Uniformare (es. «quarant'anni di mestiere, trentaquattro in O.M.P.»).	—	—
C09	P3	CONFERMATA	3	Residui di metalabel minori	più file (vedi linee)	—	—	Il punto cieco di Marco si spalancò (C03 L212)	ADR0002:13	C03 L97 («corteccia cerebrale»), L182 («noradrenalina nel sangue»), L212; C05 L62 («Il terrore biologico dell'espropriazione territoriale»), L218; C07 L213; C09 L69 (tesi autoriale nell'Atto I).	Scansione lessicale.	Basso.	Sostituire con percezioni o tagliare.	—	—
C10	P3	PROBABILE	2	Cap. 4 — cifre nelle battute	capitoli/CAPITOLO_04_LA_PROMESSA_E_LA_MACCHINA.md	41	195	Roba che ci ripaga un terzo del buco lasciato da Apex!	Coerenza numerica	L77 «penale da duemila euro» e «Millecinquecento blocchi» (contratto: 3.000 €/g, 300 pezzi); L41 140.000 € = 4,4% di 3,2 M€, non un terzo (iperbole possibile); L195 «danno economico da 140.000 euro» = ricavo, non danno (MOL 38% = 53.200 €).	Ricalcolo.	Basso.	L77 «tremila», «trecento blocchi»; L195 «una perdita di 140.000 euro di fatturato».	—	—
C11	P3	CONFERMATA	2	Cap. 4 — luoghi e fiera	capitoli/CAPITOLO_04_LA_PROMESSA_E_LA_MACCHINA.md	41	258	la presentazione dei nuovi escavatori alla fiera Bauma di Monaco a fine gennaio	Fact-checking	bauma è triennale e si tiene in aprile (2025, poi 2028): non a fine gennaio 2026; contratto firmato «a Francoforte» (L41, L151, L238) vs «sei andato a Stoccarda» (L77); «franco fabbrica a Stoccarda» (L51) è un uso improprio dell'Incoterm EXW.	Verifica esterna: https://bauma.de/en/trade-fair/press/press-releases/detail/bauma-2025-final-report.html (2026-10-01).	Basso.	Fiera generica («una fiera di settore a fine gennaio»); un'unica città; «reso franco destino Stoccarda».	—	—
C12	P3	CONFERMATA	4	Cap. 4 — Mettilo in pratica	capitoli/CAPITOLO_04_LA_PROMESSA_E_LA_MACCHINA.md	306	306	il tabellone Kanban saturo al 98,4%	Coerenza interna	Nel capitolo lo strumento è il Gantt dell'APS.	Confronto.	Basso.	«il Gantt dell'APS».	—	—
C13	P3	CONFERMATA	1	Cap. 5 — raccordi	capitoli/CAPITOLO_05_LA_TRAPPOLA_DELLA_DELEGA.md	43	128	un perito appena uscito dall'università	Continuità	L43 addendum «venerdì scorso» (C03: mercoledì 26 novembre); L60 Sara (HR) congela acquisti di titanio (acquisti = Valerio); L84 notte in ufficio vs L96-132 notte nello studio di casa; L128 Enrico «perito» (laurea magistrale).	Lettura.	Basso.	Correggere data e ruolo; raccordo spaziale; «un ingegnere appena uscito dall'università».	—	—
C14	P3	CONFERMATA	2	Cap. 5 — tasso vs spread	capitoli/CAPITOLO_05_LA_TRAPPOLA_DELLA_DELEGA.md	47	236	lo spread territoriale è del 5,85%	Terminologia finanziaria	5,85% è usato come tasso complessivo (L54 «SCONTO 5,85%», L112 errore di «tre punti» rispetto al 3%), ma chiamato «spread».	Ricalcolo 5,85 − 3 = 2,85.	Basso.	«il tasso effettivo è del 5,85%».	—	—
C15	P3	CONFERMATA	1	Cap. 6 — micro-continuità	capitoli/CAPITOLO_06_LA_GUERRA_DEI_FOGLI_EXCEL.md	9	128	sedevano sei persone	Continuità	L9 sei persone ma cinque presenti; L74 «novantaquattro bancali» (84); L94 polsino macchiato di caffè mai versato; L112 Paolo non conosce Marcolini; L128 Paolo cita 14.250 € senza aver sentito 92.650 €.	Lettura.	Basso.	Correggere numeri e raccordi.	—	—
C16	P3	PROBABILE	2	Cap. 6 — sfrido e tolleranza barre	capitoli/CAPITOLO_06_LA_GUERRA_DEI_FOGLI_EXCEL.md	279	279	Dedotto lo 0,2% di sfrido fisiologico e tolleranza dimensionale a nostro carico pari a € 1.500	Coerenza numerica/tecnica	0,2% della spesa implicita (≈ 640.000-690.000 €) = 1.280-1.375 €, non 1.500; barre «pelate» in h7 (pelatura tipica h9-h11; h7 richiede rettifica).	Ricalcolo da base B = 78.400/0,114.	Basso.	«pari a circa 1.300 €» (o dichiarare la base); «barre rettificate h7».	—	—
C17	P3	CONFERMATA	4	Ponte Cap. 6 → Cap. 7	capitoli/CAPITOLO_06_LA_GUERRA_DEI_FOGLI_EXCEL.md	346	346	una pacca sulla spalla e una targa di ringraziamento	Coerenza ponte	In C07 non c'è alcuna targa.	Confronto.	Basso.	«due pacche sulla spalla e una promozione morale».	—	—
C18	P3	CONFERMATA	1	Cap. 7 — raccordi	capitoli/CAPITOLO_07_LA_RICONOSCENZA_NEGATA.md	9	250	lavorando tre notti consecutive a dieci gradi	Continuità	L9 «tre notti» (C02: una sera/notte); L175 «cambio turno delle nove»; L250 «emulsione a quaranta gradi» un mattino di gennaio.	Lettura.	Basso.	«una notte intera»; allineare turni; «emulsione tiepida».	—	—
C19	P3	PROBABILE	2	Precisione scientifica (sovra-affermazioni)	più file (vedi linee)	—	—	un dolore biologicamente e chimicamente indistinguibile da una lacerazione muscolare (C07 L130)	Fact-checking	C07 L122/L130 sovrapposizione dolore sociale/fisico presentata come identità; L134 «loss of an irrevocable commitment» (Lazarus: «irrevocable loss»); L148 «quiet quitting» = sabotaggio; Epilogo L16 attribuisce a Damasio i risultati su dACC/insula (Eisenberger & Lieberman).	Lettura critica.	Basso.	Attenuare («circuiti in parte sovrapposti»); correggere le formule e le attribuzioni.	C05 L148	—
C20	P3	CONFERMATA	2	Cap. 8 — conteggio parole	capitoli/CAPITOLO_08_IL_GELO_TRA_PARI.md	77	77	un messaggio di quattordici parole	Coerenza numerica	La replica citata conta 15 parole (il libro fa del conteggio un metodo in C03).	Conteggio script.	Basso.	«quindici parole».	—	—
C21	P3	CONFERMATA	1	Cap. 8 — micro-continuità	capitoli/CAPITOLO_08_IL_GELO_TRA_PARI.md	39	119	Da diciotto mesi Luca tirava il freno	Continuità	L39 «diciotto mesi» vs L83 «quindici mesi… da quando abbiamo perso Apex» (Apex perso ~9 mesi prima); L73/L115 «stufa in maiolica» vs C05 L96 «stufa a pellet» nello stesso studio; L109 moglie «Claudia» omonima della Bignami; L113 «Avete cinquant'anni» (45 e 43); L119 Elena conosce l'orario di Luca senza fonte.	Confronto.	Basso.	Allineare i dettagli.	—	—
C22	P3	PROBABILE	2	Attribuzione del «carico allostatico» (governance G5)	più file (vedi linee)	—	—	emorragia allostatica permanente (*allostatic load*) (C09 L154)	Fact-checking; CONTEXT:18, :34	Il carico allostatico è attribuito a Damasio (C09 L154; CONTEXT:18) o a Sterling & Eyer 1988 (C08 L139); il concetto è di McEwen & Stellar (1993); anche «Sopravvivenza nel Ruolo» non è un termine di Damasio (CONTEXT:34).	Conoscenza bibliografica generale.	Basso.	Correggere CONTEXT:18/:34 e C08 L139, C09 L154 (McEwen; allostasi: Sterling & Eyer).	—	—
C23	P3	CONFERMATA	1	Cap. 9 — raccordi	capitoli/CAPITOLO_09_IL_CINISMO_DI_REPARTO.md	19	145	Sulle braccia scoperte dalla tuta estiva a maniche corte	Continuità	L19 «l'intero turno di produzione» = 120 sedie (= organico totale); L21-23 «sirena delle dieci e mezzo» ma alle 10:28 l'AD parla da 50 minuti; L41 tuta estiva il 4 marzo sotto la pioggia; L145 l'articolo AMR 1998 definito «monografia».	Lettura.	Basso.	Correggere i dettagli.	—	—
C24	P3	PROBABILE	2	Cap. 9 — patto: firmatari e fonte dei 15.000 €	capitoli/CAPITOLO_09_IL_CINISMO_DI_REPARTO.md	223	234	I quindicimila euro risparmiati dall'azzeramento dei gadget	Coerenza contrattuale	L223 «R.S.U.» non presente; firmano Silvano (capofficina) e Marta (Quadro dal C07) come «delegati di reparto»; L234 i 15.000 € sono già stati spesi (L17) e non possono essere «risparmiati».	Lettura.	Basso.	Far firmare un delegato RSU; «quindicimila euro stanziati dal fondo di presidenza in sostituzione delle convention dei prossimi tre esercizi».	—	—
C25	P3	CONFERMATA	4	Prefazione — esempi non corrispondenti	capitoli/PREFAZIONE_METODOLOGICA.md	49	139	le 22:45 davanti allo schermo di un computer mentre il bilancio provvisorio mostra un disallineamento di 140.000 euro	Coerenza Prefazione/capitoli	L139 promette scene inesistenti (06:40 sul piazzale; 22:45 con 140.000 €); L51 la commessa promessa «dal commerciale di Omnia» (C04: Fabio, O.M.P.); L49 Elena «commercialista» (C08: Zantedeschi).	Confronto.	Basso.	Sostituire con esempi reali (10:17 sala riunioni; 18:47 mail della banca; 19:14 cella F148).	—	—
C26	P3	CONFERMATA	4	Uniformazione editoriale	più file (vedi linee)	—	—	convocaiamoci formalmente domani mattina alle 08:30 (Toolkit L389)	Uniformità	BOM a inizio C08 (L1); grassetto su battute non-domande (C08 L83, L93, L97, L196, L200); intestazioni dell'Atto V non uniformi (C01 L267/L283 e C06 L308/L331 «##» minuscolo vs «### 1.» negli altri); refusi Toolkit L82 «DISINNEZCO», L389 «convocaiamoci», troncamento L335 «irrevers.»; Indice master L37 «commessa aeronautica» (assente in C05); «NexSys Solutions» (C03, C05) vs «NexSys Automation» (ADR, master L10); «Omnia Servizi» vs «Omnia S.r.l.».	Grep + lettura.	Basso.	Pulizia redazionale secondo foglio di stile unico.	—	—
C27	P3	CONFERMATA	4	Riferimenti interni di governance nel testo	più file (vedi linee)	—	—	(formalizzato nell'Architectural Decision Record 0002) (Pref L27)	Uniformità/pubblicabilità	Master L6, Pref L27, L41, Epilogo L11 citano gli ADR di progetto, ignoti al lettore.	Grep.	Basso.	Eliminare i riferimenti agli ADR o sostituirli con un rinvio alla Prefazione.	—	—
C28	P3	CONFERMATA	1	Governance — sede O.M.P. (G3)	docs/adr/0001-ecosistema-distrettuale-meccatronico.md	12	12	O.M.P. Precision S.r.l. (Quinzano d'Oglio / Verona)	Coerenza governance/testo	Quinzano d'Oglio è in provincia di Brescia; il testo colloca O.M.P. a Verona Est (C07 L74 San Michele Extra; C09 L77, L99 Porta Vescovo, via dell'Artigianato).	Verifica esterna: https://www.tuttitalia.it/lombardia/52-quinzano-d-oglio/ (2026-10-01).	Nessun impatto sul testo; errore nella governance.	Correggere ADR0001:12 in «Verona Est (San Michele Extra)».	—	—
C29	P3	CONFERMATA	1	Ruolo professionale di Elena	più file (vedi linee)	—	—	lo studio legale di Elena Colombo (C03 L214)	ADR0001:15 (diritto del lavoro e consulenza di rete)	Elena è «consulente del lavoro e commercialista» (Pref L49), «studio legale» (C03 L51, L214), «consulente di governance di rete» (C04 L224).	Confronto.	Basso.	Uniformare: «Studio Colombo & Associati, consulenza del lavoro e di rete».	—	—
C30	P3	CONFERMATA	1	Sede di LogiDistretto	più file (vedi linee)	—	—	del polo logistico di LogiDistretto, a Sommacampagna (C06 L5)	ADR0001:14 (Interporto Quadrante Europa)	Sommacampagna (C05 L11; C06 L5) vs Interporto Quadrante Europa (Epilogo L9).	Confronto.	Basso.	Uniformare la sede.	—	—
C31	P3	CONFERMATA	4	Epilogo — sintesi imprecise	capitoli/EPILOGO_E_TOOLKIT_OPERATIVO.md	15	450	un maestro d'officina con ventotto anni di reparto si vede scavalcato da un giovane manager esterno	Coerenza Epilogo/capitoli	L15 fonde Dario (28 anni) e Marta (scavalcata, 22 anni); L450 «boccola aerospaziale» e «quote al centesimo di millimetro».	Confronto.	Basso.	«una capotecnica con ventidue anni di reparto»; «boccola per robot» e tolleranza canonica.	—	—
