ID	ID_REFERTO	PRIORITA	CLASSE	TIPO	FILE	LINEA_INIZIO	LINEA_FINE	ESTRATTO	DESCRIZIONE	PRESCRIZIONE	STATO
P1-01	A01	P1	FATTUALE	SINGOLA	capitoli/EPILOGO_E_TOOLKIT_OPERATIVO.md	43	434	ha semplicemente chiesto un'integrazione di bilancio prima di deliberare l'estensione del fido di 150.000 euro	Schede e micro-richiami dichiarano un capitolo d'origine e «Fatti della Telecamera», ma riportano numeri, date, citazioni e relazioni incompatibili con i capitoli: S3 fido 150.000 € e «integrazione di bilancio» (Cap.03: 300.000 €, perizia del software); S4 consegna «entro venerdì alle 16:00» e «120 ore» libere (Cap.04: 19 dicembre, riserva 34 h); S8 «2004», «due periti in uno scantinato», ALTRO non corrispondente all'accordo; S9 pagamento «entro fine mese» (Cap.09: aprile/settembre); F1 «martedì» (Cap.08: lunedì); F2 Gianni «nipote» (Marta è la figlia), «saletta sindacale» (mensa), citazione inesistente; F3 498.700 € come «debito taciuto» (Cap.05: effetto dei parametri 3%/60 gg); F4 citazioni di Silvano e Marta assenti dai capitoli; Tab. «buco Apex in NexSys».	Riallineare ogni «Fatti della Telecamera», micro-richiamo e citazione al testo canonico: S3 → 300.000 € e supplemento istruttorio sulla perizia; S4 → 19 dicembre e 34 h di riserva; S8 → 2011, garage di via Tombetta, ALTRO = i 4 punti dell'accordo Cap.08 L222-225; S9 → tranche aprile/settembre; L43 → lunedì; L52 → «la figlia», mensa, citazione Cap.07 L104; L59 → 498.700 € come effetto dei parametri errati; L64 → domande effettive (Cap.04 L238, Cap.07 L199); L419-420 → Apex cliente perso da O.M.P. Rimuovere i fatti assenti dai capitoli (S6 L229, S8 L286, S9 L310) o introdurli nei capitoli.	APERTA
P1-02	A02	P1	FATTUALE	SINGOLA	capitoli/CAPITOLO_04_LA_PROMESSA_E_LA_MACCHINA.md	250	275	«perfettamente assorbibile nelle 34 ore di riserva tecnica dell'officina senza toccare Kuka»	L'accordo dell'Atto IV assegna 50 distributori alla riserva di 34 h: 50 × 50 min = 2.500 min = 41,7 h > 34 h (e la riserva guasti si azzera). L250: «due macchine a cinque assi che abbiamo libere» contro la saturazione dichiarata (L23 residuo 34 h; L47 isole 3-4 al 99%); «diciotto giorni pieni lavorando ventiquattr'ore»: 125 h per macchina / 24 h = 5,2 giorni.	L275: ridurre il primo lotto a 40 pezzi (40 × 50 min = 33,3 h) oppure dichiarare che le 7,7 h eccedenti sono coperte da straordinario/terzista e che la riserva guasti scende a zero (rischio residuo esplicito). L250: «sono centoventicinque ore per macchina, più di cinque giorni pieni a ventiquattr'ore: giorni che non abbiamo, le due cinque assi sono sature fino al 22», eliminando «che abbiamo libere».	IMPLEMENTATA — IN ATTESA DI RICOLLAUDO (commit 441613c)
P1-03	A03	P1	FORMALE	PADRE	Cap02; Cap03; Cap04; Cap05; Cap07; Cap08; Cap09			citato a riga 14 del Capitolo 8 (`bozze_capitoli/CAPITOLO_08_IL_GELO_TRA_PARI.md`) (Cap.07 L356)	Sette capitoli canonici (e il master) contengono sezioni di lavorazione interne: codici scena, percorsi di file, «riga 14», «bozza preliminare del brief», «sinossi primordiale», «ADR 0001», e asserzioni false sui capitoli (Cap.02 L317: Kuka nel piano del Cap. 1; Cap.07 L353: Marta nel Cap. 6 ed «emigrazione in Svizzera»; Cap.08 L341: «sussurro esausto» di Luca; Cap.09 L350: Enrico «perito»). Assenti in Cap.01 e Cap.06.	Espungere integralmente le sezioni «4. Note di Lavorazione…» da Cap.02 (L303-320), Cap.03 (L277-293), Cap.04 (L345-360), Cap.05 (L314-326), Cap.07 (L342-360), Cap.08 (L329-346), Cap.09 (L337-350) e dal master; se si vuole un apparato di fonti, crearne uno unico a fine volume («Note e fonti»), privo di codici interni e verificato.	IMPLEMENTATA — IN ATTESA DI RICOLLAUDO (commit a69b8ef)
P2-01	B01	P2	FATTUALE	PADRE	Cap04; Cap05; Cap07; Cap08; Cap09			sarà erogato nella busta paga di aprile 2027 (Cap.09 L228)	Le coppie data-giorno fissano la storia tra novembre 2025 e marzo 2026 (14/11 ven, 1/12 lun, 11/12 gio, 14/01 mer, 23/01 ven, 9/02 lun, 4/03 mer) e il premio è «del 2025»; ma compaiono «budget 2026» a dicembre (Cap.04 L264), «Budget Consolidato 2027» (Cap.05 L11, L196, L260), «ORGANIGRAMMA 2027» (Cap.07 L7), «VR-2027» (Cap.08 L7), «CONVENTION 2027-2030» (Cap.09 L10) e il patto paga «aprile 2027» (Cap.09 L228) mentre Dario minaccia «Se ad aprile» (L250).	Fissare l'anno narrativo 2025-2026 e correggere: Cap.04 L264 «budget 2025»; Cap.05 «Budget Consolidato 2026»; Cap.07 L7 «2026»; Cap.08 protocollo «VR-2026-…»; Cap.09 L10 «2026-2029»; Cap.09 L228 «aprile 2026 … settembre 2026».	APERTA
P2-01.Cap04	B01	P2	FATTUALE	SOTTOVOCE	capitoli/CAPITOLO_04_LA_PROMESSA_E_LA_MACCHINA.md				vedi padre	vedi padre	APERTA
P2-01.Cap05	B01	P2	FATTUALE	SOTTOVOCE	capitoli/CAPITOLO_05_LA_TRAPPOLA_DELLA_DELEGA.md				vedi padre	vedi padre	APERTA
P2-01.Cap07	B01	P2	FATTUALE	SOTTOVOCE	capitoli/CAPITOLO_07_LA_RICONOSCENZA_NEGATA.md				vedi padre	vedi padre	APERTA
P2-01.Cap08	B01	P2	FATTUALE	SOTTOVOCE	capitoli/CAPITOLO_08_IL_GELO_TRA_PARI.md				vedi padre	vedi padre	APERTA
P2-01.Cap09	B01	P2	FATTUALE	SOTTOVOCE	capitoli/CAPITOLO_09_IL_CINISMO_DI_REPARTO.md				vedi padre	vedi padre	APERTA
P2-02	B02	P2	FATTUALE	PADRE	Pref; Cap01; Cap05; Toolkit			I primi contratti firmati nel 2011 dentro un garage gelato di via Tombetta (Cap.08 L37)	Fondazione 2011/15 anni (Cap.05 L7, L13, L128, L152; Cap.07 L334; Cap.08 L37, L81, L113, L180) contro «vent'anni» (Pref L45; Cap.01 L29; Cap.05 L224 nello stesso capitolo; Toolkit L59, L202). Origine: «scantinato» (Pref L45; Toolkit L289) contro «garage di via Tombetta» (Cap.05 L132; Cap.08 L37).	Uniformare a 15 anni/2011 e al garage di via Tombetta in Pref L45, Cap.01 L29, Cap.05 L224, Toolkit L59, L202, L289.	APERTA
P2-02.Pref	B02	P2	FATTUALE	SOTTOVOCE	capitoli/PREFAZIONE_METODOLOGICA.md				vedi padre	vedi padre	APERTA
P2-02.Cap01	B02	P2	FATTUALE	SOTTOVOCE	capitoli/CAPITOLO_01_LE_EMOZIONI_NON_ARRIVANO_A_CASO.md				vedi padre	vedi padre	APERTA
P2-02.Cap05	B02	P2	FATTUALE	SOTTOVOCE	capitoli/CAPITOLO_05_LA_TRAPPOLA_DELLA_DELEGA.md				vedi padre	vedi padre	APERTA
P2-02.Toolkit	B02	P2	FATTUALE	SOTTOVOCE	capitoli/EPILOGO_E_TOOLKIT_OPERATIVO.md				vedi padre	vedi padre	APERTA
P2-03	B03	P2	FATTUALE	SINGOLA	capitoli/CAPITOLO_06_LA_GUERRA_DEI_FOGLI_EXCEL.md	96	104	per ventotto anni Direttore Amministrativo di O.M.P. Precision prima di andare in pensione tre anni prima	Cap.06 lo presenta come ex Direttore Amministrativo di O.M.P. in pensione e «ragioniere capo in fabbrica per quarant'anni»; Cap.01 L247 è consulente esterno incaricato della verifica, Cap.08 L59 «commercialista storico di Omnia».	In Cap.06 L96/L104 riformulare: «commercialista storico di Omnia e revisore, per anni consulente amministrativo di O.M.P.»; eliminare «Direttore Amministrativo… in pensione».	APERTA
P2-04	B04	P2	FATTUALE	PADRE	Cap09; Toolkit			E a Davide, che ha vent'anni e da stamattina guarda il tornio come se fosse una gabbia	Cap.09 L125 gli attribuisce vent'anni; Cap.09 L274 e Toolkit L121 lo chiamano «perito».	Cap.09 L125 «che ha ventotto anni»; Cap.09 L274 e Toolkit L121 «collaudatore».	APERTA
P2-04.Cap09	B04	P2	FATTUALE	SOTTOVOCE	capitoli/CAPITOLO_09_IL_CINISMO_DI_REPARTO.md				vedi padre	vedi padre	APERTA
P2-04.Toolkit	B04	P2	FATTUALE	SOTTOVOCE	capitoli/EPILOGO_E_TOOLKIT_OPERATIVO.md				vedi padre	vedi padre	APERTA
P2-05	B05	P2	FATTUALE	PADRE	Cap09; ADR0001			novantotto macchine utensili girano a regime	Cap.09 cita 98 macchine contro 44. Inoltre ADR0001 parla di «44 macchine a 5 assi Mori Seiki», Cap.04 L12 di 22 centri a cinque assi + 12 torni + 10 rettifiche.	Cap.09 L274 «quarantaquattro macchine»; aggiornare ADR0001:12 in «44 macchine utensili, di cui 22 centri Mori Seiki a 5 assi».	APERTA
P2-05.Cap09	B05	P2	FATTUALE	SOTTOVOCE	capitoli/CAPITOLO_09_IL_CINISMO_DI_REPARTO.md				vedi padre	vedi padre	APERTA
P2-05.ADR0001	B05	P2	GOVERNANCE	SOTTOVOCE	docs/adr/0001-ecosistema-distrettuale-meccatronico.md				vedi padre	vedi padre	IMPLEMENTATA — IN ATTESA DI RICOLLAUDO
P2-06	B06	P2	FATTUALE	PADRE	Pref; Cap02; Cap04; Cap07; Cap08; Cap09; Toolkit; ADR0001			Qui dentro i pezzi girano a centesimi (Cap.02 L227)	Il conflitto di governance si riflette nel testo: Pref L46 «centesimo»; Cap.02 L10 «quattro millesimi» vs L227 «centesimi» e L78 «micrometro centesimale» per certificare i pezzi; Cap.04 L55/L85 Hydac «sei micron» (CONTEXT: 2 µm); Cap.07 L161/199/232/246 «sei micron» e L252 azzeramento «a sei micron con precisione centesimale»; Cap.08 L11 «tolleranze centesimali»; Cap.09 L278 «due micron»; Toolkit 2 µm/35 °C; Manifesto L450 «centesimo».	Governance: allineare ADR0001:12 a CONTEXT:93 (0,002 mm su Kuka/Hydac). Testo: usare la tolleranza canonica per i pezzi critici e «centesimi» solo per lavorazioni non critiche; sostituire micrometro centesimale/calibro (Cap.02 L78, L92) e «precisione centesimale» (Cap.07 L252) con strumenti adeguati (micrometro millesimale, comparatore, tastatore con ripetibilità ≤ 1 µm, CMM); correggere Pref L46, Cap.02 L227, Cap.04 L55/L85, Cap.07 L161/199/232/246, Cap.08 L11, Manifesto L450.	APERTA
P2-06.Pref	B06	P2	FATTUALE	SOTTOVOCE	capitoli/PREFAZIONE_METODOLOGICA.md				vedi padre	vedi padre	APERTA
P2-06.Cap02	B06	P2	FATTUALE	SOTTOVOCE	capitoli/CAPITOLO_02_IL_SOLLIEVO_FITTIZIO.md				vedi padre	vedi padre	APERTA
P2-06.Cap04	B06	P2	FATTUALE	SOTTOVOCE	capitoli/CAPITOLO_04_LA_PROMESSA_E_LA_MACCHINA.md				vedi padre	vedi padre	APERTA
P2-06.Cap07	B06	P2	FATTUALE	SOTTOVOCE	capitoli/CAPITOLO_07_LA_RICONOSCENZA_NEGATA.md				vedi padre	vedi padre	APERTA
P2-06.Cap08	B06	P2	FATTUALE	SOTTOVOCE	capitoli/CAPITOLO_08_IL_GELO_TRA_PARI.md				vedi padre	vedi padre	APERTA
P2-06.Cap09	B06	P2	FATTUALE	SOTTOVOCE	capitoli/CAPITOLO_09_IL_CINISMO_DI_REPARTO.md				vedi padre	vedi padre	APERTA
P2-06.Toolkit	B06	P2	FATTUALE	SOTTOVOCE	capitoli/EPILOGO_E_TOOLKIT_OPERATIVO.md				vedi padre	vedi padre	APERTA
P2-06.ADR0001	B06	P2	GOVERNANCE	SOTTOVOCE	docs/adr/0001-ecosistema-distrettuale-meccatronico.md				vedi padre	vedi padre	IMPLEMENTATA — IN ATTESA DI RICOLLAUDO
P2-07	B07	P2	FATTUALE	SINGOLA	capitoli/CAPITOLO_07_LA_RICONOSCENZA_NEGATA.md	161	199	scarti seriali sulle boccole in titanio a sei micron	Cap.07 rende le boccole Kuka «in titanio» e associa «boccole» anche a Hydac (che in Cap.04 sono distributori); L252 parla invece di «alluminio».	Cap.07 L161 e L199: «boccole in ergal per Kuka e distributori in titanio per Hydac».	APERTA
P2-08	B08	P2	FATTUALE	SINGOLA	capitoli/CAPITOLO_04_LA_PROMESSA_E_LA_MACCHINA.md	12	12	La temperatura interna era stabilizzata a venti gradi centigradi esatti	Cap.04 dichiara il capannone climatizzato a 20 °C, mentre Cap.02 L233 (dieci gradi; contrazione di 3 centesimi), Cap.07 L66/L209 (gelo d'inverno, «sotto i dieci gradi») e Cap.09 L49 (quaranta gradi d'estate, servono raffrescatori) lo descrivono non climatizzato.	Cap.04 L12: limitare la climatizzazione alla sala metrologica/collaudo o eliminarla.	APERTA
P2-09	B09	P2	FATTUALE	PADRE	Pref; Cap03; Cap05			La sede direzionale della Banca Popolare del Distretto in Corso Cavour	In Cap.03 il conto e il fido sono «presso Mediocredito» (L14) ma la trattativa avviene alla «Banca Popolare del Distretto» con la stessa funzionaria (L178); Cap.05 alterna Banca Popolare (L11, L43, L47, L102, L240) e Mediocredito (L102, L220, L236) per lo stesso spread; Pref L47 «Banca Popolare».	Adottare Mediocredito per fido NexSys e linee di rete; correggere Cap.03 L178 (e note), Cap.05 L11, L43, L47, L124, L128, L196, L240, Pref L47.	APERTA
P2-09.Pref	B09	P2	FATTUALE	SOTTOVOCE	capitoli/PREFAZIONE_METODOLOGICA.md				vedi padre	vedi padre	APERTA
P2-09.Cap03	B09	P2	FATTUALE	SOTTOVOCE	capitoli/CAPITOLO_03_LA_CASSA_CHE_BRUCIA.md				vedi padre	vedi padre	APERTA
P2-09.Cap05	B09	P2	FATTUALE	SOTTOVOCE	capitoli/CAPITOLO_05_LA_TRAPPOLA_DELLA_DELEGA.md				vedi padre	vedi padre	APERTA
P2-10	B10	P2	FATTUALE	SINGOLA	capitoli/CAPITOLO_03_LA_CASSA_CHE_BRUCIA.md	75	222	Quando giovedì 27 alle 16:30 squillò il telefono e la Bignami confermò l'accredito	Il 27 è giovedì (L14) ma Marco teme il fallimento «mercoledì mattina» (L75); la delibera è «esecutiva giovedì mattina» (L216); ai dipendenti si annuncia l'erogazione «venerdì 28» con stipendio al 50% e saldo lunedì (L220); l'accredito arriva giovedì 27 alle 16:30 (L222).	L75 «giovedì mattina»; scegliere una sola data di erogazione: o venerdì 28 (togliere L222 «giovedì 27…») o giovedì sera, con saldo anticipato al venerdì.	APERTA
P2-11	B11	P2	PROPOSTA	PADRE	Cap03; Cap04; Cap07; Cap08			Aveva smesso, però, per il resto della sua vita professionale, di scambiare il panico (Cap.03 L226)	Cap.03 L220 unanimità («Diciotto mani… all'unisono»), L226 conversione definitiva; Cap.04 L238 «non succederà mai più», L291 «pacificato», L293; Cap.07 L209-238 esito pieno (Moretti capitola, l'AD approva in sei secondi +28%, autorità «insindacabile») e L213 «il veleno… era svanito»; Cap.08 L196-235 perdono, abbraccio e riconciliazione in 24 ore.	Cap.03: inserire un'obiezione e un costo (scaglionamento non unanime), togliere «per il resto della sua vita»; Cap.04: togliere «mai più» e «pacificato», lasciare rabbia residua e rischio della riserva; Cap.07: aggiungere una contropartita o un limite (decorrenza differita, periodo di verifica, firma congiunta sul fermo lotti) e togliere L213; Cap.08: sostituire perdono/abbraccio con un gesto materiale e un residuo (recesso non ancora ritirato, visita medica in sospeso).	APERTA
P2-11.Cap03	B11	P2	PROPOSTA	SOTTOVOCE	capitoli/CAPITOLO_03_LA_CASSA_CHE_BRUCIA.md				vedi padre	vedi padre	APERTA
P2-11.Cap04	B11	P2	PROPOSTA	SOTTOVOCE	capitoli/CAPITOLO_04_LA_PROMESSA_E_LA_MACCHINA.md				vedi padre	vedi padre	APERTA
P2-11.Cap07	B11	P2	PROPOSTA	SOTTOVOCE	capitoli/CAPITOLO_07_LA_RICONOSCENZA_NEGATA.md				vedi padre	vedi padre	APERTA
P2-11.Cap08	B11	P2	PROPOSTA	SOTTOVOCE	capitoli/CAPITOLO_08_IL_GELO_TRA_PARI.md				vedi padre	vedi padre	APERTA
P2-12	B12	P2	DEEP_POV	SINGOLA	capitoli/CAPITOLO_04_LA_PROMESSA_E_LA_MACCHINA.md	12	260	il corpo di Silvano fu squassato da una detonazione neurosimpatica violentissima	Etichette cliniche e commenti autoriali in scena: L12 «sembrava», L59, L61 («tremila hertz», «centoventi pulsazioni»), L69 («cono percettivo»), L83 («identità professionale»), L85 («impulso motorio»), L87, L95 («ultimo neurone»), L157, L226 («codificata come una violazione territoriale»), L236 («domanda di processo»), L242, L260 («punto cieco»).	Sostituire ogni etichetta con percezione o azione dal mestiere di Silvano (rumore, mani, pezzo); eliminare metriche non percepibili (hertz, pulsazioni) e il lessico del metodo nelle scene.	APERTA
P2-13	B13	P2	DEEP_POV	SINGOLA	capitoli/CAPITOLO_02_IL_SOLLIEVO_FITTIZIO.md	24	235	Era la sensazione fisiologica intollerabile della crudeltà	L24 «Sembrava»; L38 etichetta astratta dopo i sintomi; L213 («Il corpo non risponde alle riflessioni razionali…») saggistica nell'Atto IV; L225 interiorità di Marta nel POV di Sara; L231 commento autoriale; L235 spiegazione onnisciente delle tre menti.	Tagliare L38 seconda frase, L213 seconda e terza frase, L231; trasformare L235 in percezione di Sara limitata a ciò che vede; L225 esteriorizzare.	APERTA
P2-14	B14	P2	DEEP_POV	SINGOLA	capitoli/CAPITOLO_01_LE_EMOZIONI_NON_ARRIVANO_A_CASO.md	97	119	Una telecamera, naturalmente, non distribuisce la verità intera	Il narratore espone il metodo della telecamera (L97, L107-119: «La separazione si vede meglio cambiando registro ai verbi…», «Il pensiero critico cominciava da lì…») dentro la scena di cucina.	Spostare L109-117 nella sezione «Il processo invisibile» (Atto III) o ridurle a un beat in scena.	APERTA
P2-15	B15	P2	DEEP_POV	SINGOLA	capitoli/CAPITOLO_04_LA_PROMESSA_E_LA_MACCHINA.md	133	155	«Bene. Poi?»	Due sequenze di 5 battute consecutive senza beat fisico (L133-141; L147-155, solo attribuzioni «la corresse», «ringhiò»).	Inserire beat materiali (minestra, cucchiaio, sigaretta, piattino) a L137 e L151; sostituire le attribuzioni di L149/L153 con gesti.	APERTA
P2-16	B16	P2	DEEP_POV	PADRE	Cap02; Cap04; Cap05			Delegare non è un atto di fede mistica: è un metodo di ingegneria relazionale (Cap.05 L138)	Cap.02 L146 Roberto presenta come fatto uno stato interno («prova una stretta acuta allo stomaco»), contraddicendo il metodo; Cap.04 L155, L161 Luisa espone teoria degli incentivi e diagnosi; Cap.05 L138 Elena parla da formatrice.	Riformulare le tre battute in lingua di mestiere e sottotesto (es. Elena: la scadenza, il foglio dei vincoli mai consegnato), lasciando la teoria all'Atto III.	APERTA
P2-16.Cap02	B16	P2	DEEP_POV	SOTTOVOCE	capitoli/CAPITOLO_02_IL_SOLLIEVO_FITTIZIO.md				vedi padre	vedi padre	APERTA
P2-16.Cap04	B16	P2	DEEP_POV	SOTTOVOCE	capitoli/CAPITOLO_04_LA_PROMESSA_E_LA_MACCHINA.md				vedi padre	vedi padre	APERTA
P2-16.Cap05	B16	P2	DEEP_POV	SOTTOVOCE	capitoli/CAPITOLO_05_LA_TRAPPOLA_DELLA_DELEGA.md				vedi padre	vedi padre	APERTA
P2-17	B17	P2	SPECIALISTICA	SINGOLA	capitoli/CAPITOLO_02_IL_SOLLIEVO_FITTIZIO.md	241	241	firma di un Addendum Formale di Addestramento Tecnico al CCNL Metalmeccanico	Un «addendum al CCNL» non si stipula individualmente; la «sospensione di trenta giorni» della contestazione confligge con l'immediatezza disciplinare; il «licenziamento per giusta causa» per un controllo saltato è sproporzionato; il patto ignora il contratto a termine in scadenza (L18) e prevede l'affiancamento «sul turno del mattino» per un collaboratore del turno delle 14 che accompagna il padre alle 5:30 (L32).	«Addendum individuale (patto formativo)»; procedura disciplinare con tempi coerenti; sanzione conservativa progressiva al posto della giusta causa; aggiungere la clausola sul rinnovo del contratto a termine e l'orario compatibile.	APERTA
P2-18	B18	P2	SPECIALISTICA	SINGOLA	capitoli/CAPITOLO_08_IL_GELO_TRA_PARI.md	200	225	coperto da polizza assicurativa D&O	L200: crisi ipertensiva 180/100 con perdita del visus e consiglio del medico di «andare a casa al buio» (prassi: invio urgente in pronto soccorso), mentre Luca va a prendere il figlio (L27); L222: comunicare al Collegio Sindacale la mail come «mero disguido tecnico» (dichiarazione non veritiera); L225: il «Sabbatical Medico» coperto da polizza D&O (responsabilità degli amministratori, non copertura sanitaria/reddituale).	L200: il medico lo manda in PS, Luca rifiuta e chiama la moglie per il figlio; L222: «dichiarando superata la comunicazione e confermando la collegialità»; L225: polizza key-man/income protection al posto di D&O.	APERTA
P2-19	B19	P2	PROPOSTA	PADRE	Cap05; Cap07; Cap08; Cap09			Il dolore dell'esclusione sociale o del tradimento fiduciario è processato come un danno tissutale severo (Cap.07 L128)	Citazioni virgolettate attribuite ad autori reali senza riferimento puntuale e non riconducibili a testi noti: Damasio (Cap.05 L150; Cap.07 L128), Kahneman/Bloom (Cap.08 L131: la seconda frase non è nell'originale), Lazarus & Folkman (Cap.09 L160).	Verificare sulle edizioni (pagina) o convertire in parafrasi senza virgolette con rinvio bibliografico.	APERTA
P2-19.Cap05	B19	P2	PROPOSTA	SOTTOVOCE	capitoli/CAPITOLO_05_LA_TRAPPOLA_DELLA_DELEGA.md				vedi padre	vedi padre	APERTA
P2-19.Cap07	B19	P2	PROPOSTA	SOTTOVOCE	capitoli/CAPITOLO_07_LA_RICONOSCENZA_NEGATA.md				vedi padre	vedi padre	APERTA
P2-19.Cap08	B19	P2	PROPOSTA	SOTTOVOCE	capitoli/CAPITOLO_08_IL_GELO_TRA_PARI.md				vedi padre	vedi padre	APERTA
P2-19.Cap09	B19	P2	PROPOSTA	SOTTOVOCE	capitoli/CAPITOLO_09_IL_CINISMO_DI_REPARTO.md				vedi padre	vedi padre	APERTA
P2-20	B20	P2	FATTUALE	SINGOLA	capitoli/PREFAZIONE_METODOLOGICA.md	91	91	La **rabbia** scatta davanti a una *demanding offense*	La formula di Lazarus è «a demeaning offense against me and mine»; «demanding» ne altera il senso. Lo stesso libro la cita correttamente in Cap.04 L179.	«davanti a una *demeaning offense against me and mine* (un'offesa svilente contro di me e ciò che è mio)».	APERTA
P2-21	B21	P2	FATTUALE	SINGOLA	capitoli/EPILOGO_E_TOOLKIT_OPERATIVO.md	42	42	trattieni l'aria per 2 secondi, espira dalla bocca socchiusa per 7 secondi	La tecnica etichettata «4-7-8» è descritta come 4-2-7; la riduzione di «10–15 battiti al minuto» non ha fonte.	«Inspira per 4 secondi, trattieni per 7, espira per 8» (un ciclo ≈ 19 s, quindi «circa due cicli nei primi 30-40 secondi»); togliere «10–15 battiti» o citarne la fonte.	APERTA
P3-01	C01	P3	FORMALE	SINGOLA	capitoli/CAPITOLO_01_LE_EMOZIONI_NON_ARRIVANO_A_CASO.md	41	41	, Zucchero sull'offesa.	Maiuscola dopo virgola e frase nominale monca.	«…dalla responsabilità decisionale: zucchero sull'offesa.»	APERTA
P3-02	C02	P3	DEEP_POV	SINGOLA	capitoli/CAPITOLO_01_LE_EMOZIONI_NON_ARRIVANO_A_CASO.md	45	45	La frase era falsa, e nella stanza lo era per tutti, Andrea compreso.	Il narratore certifica lo stato di tutti i presenti.	Ridurre al POV di Andrea («La frase era falsa, e Andrea lo sapeva»).	APERTA
P3-03	C03	P3	FATTUALE	SINGOLA	capitoli/CAPITOLO_01_LE_EMOZIONI_NON_ARRIVANO_A_CASO.md	81	89	Sprezzante come? Parole, volume, faccia	Il coltello è posato (L57), poi «fermo a mezz'aria» (L81) senza ripresa, poi «riprese» (L89); Elena dice «Sprezzante» ma Andrea aveva detto solo «Male» (L79).	L81 «riprese il coltello»; L89 «Male come?» o far dire ad Andrea «sprezzante».	APERTA
P3-04	C04	P3	FATTUALE	SINGOLA	capitoli/CAPITOLO_01_LE_EMOZIONI_NON_ARRIVANO_A_CASO.md	247	247	due per mille al giorno sull'importo non erogato	«Non erogato» è lessico del credito; per un ordine di fornitura: importo non consegnato/non evaso.	«sull'importo non consegnato».	APERTA
P3-05	C05	P3	DEEP_POV	SINGOLA	capitoli/CAPITOLO_01_LE_EMOZIONI_NON_ARRIVANO_A_CASO.md	67	73	«Stavamo per decidere.»	Quattro battute consecutive senza beat.	Inserire un gesto di Elena o di Andrea a L71.	APERTA
P3-06	C06	P3	FATTUALE	SINGOLA	capitoli/CAPITOLO_02_IL_SOLLIEVO_FITTIZIO.md	74	223	Il corriere tedesco è passato alle sei e venti.	L74 trasportatore LogiDistretto alle 06:00 vs L219 «corriere tedesco» alle 06:20; L78 turno di Marta finito alle 19:30 e «passaggio consegne per il terzo turno» alle 19:42; timbratura 21:05 (L92) vs «tre ore» (L195, L223, L275); L223 «ieri sera» per un colloquio delle 16:30.	Uniformare vettore e orari; «ieri pomeriggio».	APERTA
P3-07	C07	P3	FATTUALE	SINGOLA	capitoli/CAPITOLO_02_IL_SOLLIEVO_FITTIZIO.md	76	76	Silvano, il caporeparto	Altrove «capofficina» (Pref L25, L46; Cap.07 L38; Cap.09).	«il capofficina».	APERTA
P3-08	C08	P3	FATTUALE	PADRE	Pref; Cap07			capofficina con quarant'anni di mestiere nel sangue (Pref L46)	Pref L46 e Cap.07 L11 «quarant'anni» vs Cap.04 L10/L121 «trentaquattro anni» (58 anni d'età).	Uniformare (es. «quarant'anni di mestiere, trentaquattro in O.M.P.»).	APERTA
P3-08.Pref	C08	P3	FATTUALE	SOTTOVOCE	capitoli/PREFAZIONE_METODOLOGICA.md				vedi padre	vedi padre	APERTA
P3-08.Cap07	C08	P3	FATTUALE	SOTTOVOCE	capitoli/CAPITOLO_07_LA_RICONOSCENZA_NEGATA.md				vedi padre	vedi padre	APERTA
P3-09	C09	P3	DEEP_POV	PADRE	Cap03; Cap05; Cap07; Cap09			Il punto cieco di Marco si spalancò (Cap.03 L212)	Cap.03 L97 («corteccia cerebrale»), L182 («noradrenalina nel sangue»), L212; Cap.05 L62 («Il terrore biologico dell'espropriazione territoriale»), L218; Cap.07 L213; Cap.09 L69 (tesi autoriale nell'Atto I).	Sostituire con percezioni o tagliare.	APERTA
P3-09.Cap03	C09	P3	DEEP_POV	SOTTOVOCE	capitoli/CAPITOLO_03_LA_CASSA_CHE_BRUCIA.md				vedi padre	vedi padre	APERTA
P3-09.Cap05	C09	P3	DEEP_POV	SOTTOVOCE	capitoli/CAPITOLO_05_LA_TRAPPOLA_DELLA_DELEGA.md				vedi padre	vedi padre	APERTA
P3-09.Cap07	C09	P3	DEEP_POV	SOTTOVOCE	capitoli/CAPITOLO_07_LA_RICONOSCENZA_NEGATA.md				vedi padre	vedi padre	APERTA
P3-09.Cap09	C09	P3	DEEP_POV	SOTTOVOCE	capitoli/CAPITOLO_09_IL_CINISMO_DI_REPARTO.md				vedi padre	vedi padre	APERTA
P3-10	C10	P3	FATTUALE	SINGOLA	capitoli/CAPITOLO_04_LA_PROMESSA_E_LA_MACCHINA.md	41	195	Roba che ci ripaga un terzo del buco lasciato da Apex!	L77 «penale da duemila euro» e «Millecinquecento blocchi» (contratto: 3.000 €/g, 300 pezzi); L41 140.000 € = 4,4% di 3,2 M€, non un terzo (iperbole possibile); L195 «danno economico da 140.000 euro» = ricavo, non danno (MOL 38% = 53.200 €).	L77 «tremila», «trecento blocchi»; L195 «una perdita di 140.000 euro di fatturato».	APERTA
P3-11	C11	P3	FATTUALE	SINGOLA	capitoli/CAPITOLO_04_LA_PROMESSA_E_LA_MACCHINA.md	41	258	la presentazione dei nuovi escavatori alla fiera Bauma di Monaco a fine gennaio	bauma è triennale e si tiene in aprile (2025, poi 2028): non a fine gennaio 2026; contratto firmato «a Francoforte» (L41, L151, L238) vs «sei andato a Stoccarda» (L77); «franco fabbrica a Stoccarda» (L51) è un uso improprio dell'Incoterm EXW.	Fiera generica («una fiera di settore a fine gennaio»); un'unica città; «reso franco destino Stoccarda».	APERTA
P3-12	C12	P3	FATTUALE	SINGOLA	capitoli/CAPITOLO_04_LA_PROMESSA_E_LA_MACCHINA.md	306	306	il tabellone Kanban saturo al 98,4%	Nel capitolo lo strumento è il Gantt dell'APS.	«il Gantt dell'APS».	APERTA
P3-13	C13	P3	FATTUALE	SINGOLA	capitoli/CAPITOLO_05_LA_TRAPPOLA_DELLA_DELEGA.md	43	128	un perito appena uscito dall'università	L43 addendum «venerdì scorso» (Cap.03: mercoledì 26 novembre); L60 Sara (HR) congela acquisti di titanio (acquisti = Valerio); L84 notte in ufficio vs L96-132 notte nello studio di casa; L128 Enrico «perito» (laurea magistrale).	Correggere data e ruolo; raccordo spaziale; «un ingegnere appena uscito dall'università».	APERTA
P3-14	C14	P3	FATTUALE	SINGOLA	capitoli/CAPITOLO_05_LA_TRAPPOLA_DELLA_DELEGA.md	47	236	lo spread territoriale è del 5,85%	5,85% è usato come tasso complessivo (L54 «SCONTO 5,85%», L112 errore di «tre punti» rispetto al 3%), ma chiamato «spread».	«il tasso effettivo è del 5,85%».	APERTA
P3-15	C15	P3	FATTUALE	SINGOLA	capitoli/CAPITOLO_06_LA_GUERRA_DEI_FOGLI_EXCEL.md	9	128	sedevano sei persone	L9 sei persone ma cinque presenti; L74 «novantaquattro bancali» (84); L94 polsino macchiato di caffè mai versato; L112 Paolo non conosce Marcolini; L128 Paolo cita 14.250 € senza aver sentito 92.650 €.	Correggere numeri e raccordi.	APERTA
P3-16	C16	P3	SPECIALISTICA	SINGOLA	capitoli/CAPITOLO_06_LA_GUERRA_DEI_FOGLI_EXCEL.md	279	279	Dedotto lo 0,2% di sfrido fisiologico e tolleranza dimensionale a nostro carico pari a € 1.500	0,2% della spesa implicita (≈ 640.000-690.000 €) = 1.280-1.375 €, non 1.500; barre «pelate» in h7 (pelatura tipica h9-h11; h7 richiede rettifica).	«pari a circa 1.300 €» (o dichiarare la base); «barre rettificate h7».	APERTA
P3-17	C17	P3	FATTUALE	SINGOLA	capitoli/CAPITOLO_06_LA_GUERRA_DEI_FOGLI_EXCEL.md	346	346	una pacca sulla spalla e una targa di ringraziamento	In Cap.07 non c'è alcuna targa.	«due pacche sulla spalla e una promozione morale».	APERTA
P3-18	C18	P3	FATTUALE	SINGOLA	capitoli/CAPITOLO_07_LA_RICONOSCENZA_NEGATA.md	9	250	lavorando tre notti consecutive a dieci gradi	L9 «tre notti» (Cap.02: una sera/notte); L175 «cambio turno delle nove»; L250 «emulsione a quaranta gradi» un mattino di gennaio.	«una notte intera»; allineare turni; «emulsione tiepida».	APERTA
P3-19	C19	P3	SPECIALISTICA	PADRE	Cap05; Cap07; Toolkit			un dolore biologicamente e chimicamente indistinguibile da una lacerazione muscolare (Cap.07 L130)	Cap.07 L122/L130 sovrapposizione dolore sociale/fisico presentata come identità; L134 «loss of an irrevocable commitment» (Lazarus: «irrevocable loss»); L148 «quiet quitting» = sabotaggio; Epilogo L16 attribuisce a Damasio i risultati su dACC/insula (Eisenberger & Lieberman).	Attenuare («circuiti in parte sovrapposti»); correggere le formule e le attribuzioni.	APERTA
P3-19.Cap05	C19	P3	SPECIALISTICA	SOTTOVOCE	capitoli/CAPITOLO_05_LA_TRAPPOLA_DELLA_DELEGA.md				vedi padre	vedi padre	APERTA
P3-19.Cap07	C19	P3	SPECIALISTICA	SOTTOVOCE	capitoli/CAPITOLO_07_LA_RICONOSCENZA_NEGATA.md				vedi padre	vedi padre	APERTA
P3-19.Toolkit	C19	P3	SPECIALISTICA	SOTTOVOCE	capitoli/EPILOGO_E_TOOLKIT_OPERATIVO.md				vedi padre	vedi padre	APERTA
P3-20	C20	P3	FATTUALE	SINGOLA	capitoli/CAPITOLO_08_IL_GELO_TRA_PARI.md	77	77	un messaggio di quattordici parole	La replica citata conta 15 parole (il libro fa del conteggio un metodo in Cap.03).	«quindici parole».	APERTA
P3-21	C21	P3	FATTUALE	SINGOLA	capitoli/CAPITOLO_08_IL_GELO_TRA_PARI.md	39	119	Da diciotto mesi Luca tirava il freno	L39 «diciotto mesi» vs L83 «quindici mesi… da quando abbiamo perso Apex» (Apex perso ~9 mesi prima); L73/L115 «stufa in maiolica» vs Cap.05 L96 «stufa a pellet» nello stesso studio; L109 moglie «Claudia» omonima della Bignami; L113 «Avete cinquant'anni» (45 e 43); L119 Elena conosce l'orario di Luca senza fonte.	Allineare i dettagli.	APERTA
P3-22	C22	P3	SPECIALISTICA	PADRE	Cap08; Cap09; CONTEXT			emorragia allostatica permanente (*allostatic load*) (Cap.09 L154)	Il carico allostatico è attribuito a Damasio (Cap.09 L154; CONTEXT:18) o a Sterling & Eyer 1988 (Cap.08 L139); il concetto è di McEwen & Stellar (1993); anche «Sopravvivenza nel Ruolo» non è un termine di Damasio (CONTEXT:34).	Correggere CONTEXT:18/:34 e Cap.08 L139, Cap.09 L154 (McEwen; allostasi: Sterling & Eyer).	APERTA
P3-22.Cap08	C22	P3	SPECIALISTICA	SOTTOVOCE	capitoli/CAPITOLO_08_IL_GELO_TRA_PARI.md				vedi padre	vedi padre	APERTA
P3-22.Cap09	C22	P3	SPECIALISTICA	SOTTOVOCE	capitoli/CAPITOLO_09_IL_CINISMO_DI_REPARTO.md				vedi padre	vedi padre	APERTA
P3-22.CONTEXT	C22	P3	GOVERNANCE	SOTTOVOCE	CONTEXT.md				vedi padre	vedi padre	IMPLEMENTATA — IN ATTESA DI RICOLLAUDO
P3-23	C23	P3	FATTUALE	SINGOLA	capitoli/CAPITOLO_09_IL_CINISMO_DI_REPARTO.md	19	145	Sulle braccia scoperte dalla tuta estiva a maniche corte	L19 «l'intero turno di produzione» = 120 sedie (= organico totale); L21-23 «sirena delle dieci e mezzo» ma alle 10:28 l'AD parla da 50 minuti; L41 tuta estiva il 4 marzo sotto la pioggia; L145 l'articolo AMR 1998 definito «monografia».	Correggere i dettagli.	APERTA
P3-24	C24	P3	FATTUALE	SINGOLA	capitoli/CAPITOLO_09_IL_CINISMO_DI_REPARTO.md	223	234	I quindicimila euro risparmiati dall'azzeramento dei gadget	L223 «R.S.U.» non presente; firmano Silvano (capofficina) e Marta (Quadro dal Cap.07) come «delegati di reparto»; L234 i 15.000 € sono già stati spesi (L17) e non possono essere «risparmiati».	Far firmare un delegato RSU; «quindicimila euro stanziati dal fondo di presidenza in sostituzione delle convention dei prossimi tre esercizi».	APERTA
P3-25	C25	P3	FATTUALE	SINGOLA	capitoli/PREFAZIONE_METODOLOGICA.md	49	139	le 22:45 davanti allo schermo di un computer mentre il bilancio provvisorio mostra un disallineamento di 140.000 euro	L139 promette scene inesistenti (06:40 sul piazzale; 22:45 con 140.000 €); L51 la commessa promessa «dal commerciale di Omnia» (Cap.04: Fabio, O.M.P.); L49 Elena «commercialista» (Cap.08: Zantedeschi).	Sostituire con esempi reali (10:17 sala riunioni; 18:47 mail della banca; 19:14 cella F148).	APERTA
P3-26	C26	P3	FORMALE	PADRE	Cap01; Cap03; Cap05; Cap06; Cap08; Master; Toolkit			convocaiamoci formalmente domani mattina alle 08:30 (Toolkit L389)	BOM a inizio Cap.08 (L1); grassetto su battute non-domande (Cap.08 L83, L93, L97, L196, L200); intestazioni dell'Atto V non uniformi (Cap.01 L267/L283 e Cap.06 L308/L331 «##» minuscolo vs «### 1.» negli altri); refusi Toolkit L82 «DISINNEZCO», L389 «convocaiamoci», troncamento L335 «irrevers.»; Indice master L37 «commessa aeronautica» (assente in Cap.05); «NexSys Solutions» (Cap.03, Cap.05) vs «NexSys Automation» (ADR, master L10); «Omnia Servizi» vs «Omnia S.r.l.».	Pulizia redazionale secondo foglio di stile unico.	APERTA
P3-26a.Cap08	C26	P3	FORMALE	SOTTOVOCE	capitoli/CAPITOLO_08_IL_GELO_TRA_PARI.md				BOM U+FEFF a inizio file	vedi padre	APERTA
P3-26b.Cap08	C26	P3	FORMALE	SOTTOVOCE	capitoli/CAPITOLO_08_IL_GELO_TRA_PARI.md				grassetto su battute non-domande (L83, L93, L97, L196, L200)	vedi padre	APERTA
P3-26c1.Cap01	C26	P3	FORMALE	SOTTOVOCE	capitoli/CAPITOLO_01_LE_EMOZIONI_NON_ARRIVANO_A_CASO.md				intestazioni Atto V «## Mettilo in pratica»/«## Da ricordare» non uniformi	vedi padre	APERTA
P3-26c2.Cap06	C26	P3	FORMALE	SOTTOVOCE	capitoli/CAPITOLO_06_LA_GUERRA_DEI_FOGLI_EXCEL.md				intestazioni Atto V «## Mettilo in pratica»/«## Da ricordare» non uniformi	vedi padre	APERTA
P3-26d.Toolkit	C26	P3	FORMALE	SOTTOVOCE	capitoli/EPILOGO_E_TOOLKIT_OPERATIVO.md				refusi L82 «DISINNEZCO», L389 «convocaiamoci», L335 «irrevers.»	vedi padre	APERTA
P3-26e.Master	C26	P3	FORMALE	SOTTOVOCE	LIBRO_COMPLETO_LE_EMOZIONI_ARRIVANO_PRIMA_DI_NOI.md				indice L37 «commessa aeronautica» (sottotitolo Cap. 5)	vedi padre	APERTA
P3-26f1.Cap03	C26	P3	FORMALE	SOTTOVOCE	capitoli/CAPITOLO_03_LA_CASSA_CHE_BRUCIA.md				«NexSys Solutions» vs «NexSys Automation»; «Omnia Servizi» vs «Omnia S.r.l.»	vedi padre	APERTA
P3-26f2.Cap05	C26	P3	FORMALE	SOTTOVOCE	capitoli/CAPITOLO_05_LA_TRAPPOLA_DELLA_DELEGA.md				idem	vedi padre	APERTA
P3-26f3.Master	C26	P3	FORMALE	SOTTOVOCE	LIBRO_COMPLETO_LE_EMOZIONI_ARRIVANO_PRIMA_DI_NOI.md				idem (L10)	vedi padre	APERTA
P3-27	C27	P3	FORMALE	PADRE	Pref; Toolkit; Master			(formalizzato nell'Architectural Decision Record 0002) (Pref L27)	Master L6, Pref L27, L41, Epilogo L11 citano gli ADR di progetto, ignoti al lettore.	Eliminare i riferimenti agli ADR o sostituirli con un rinvio alla Prefazione.	APERTA
P3-27.Pref	C27	P3	FORMALE	SOTTOVOCE	capitoli/PREFAZIONE_METODOLOGICA.md				vedi padre	vedi padre	APERTA
P3-27.Toolkit	C27	P3	FORMALE	SOTTOVOCE	capitoli/EPILOGO_E_TOOLKIT_OPERATIVO.md				vedi padre	vedi padre	APERTA
P3-27.Master	C27	P3	FORMALE	SOTTOVOCE	LIBRO_COMPLETO_LE_EMOZIONI_ARRIVANO_PRIMA_DI_NOI.md				vedi padre	vedi padre	APERTA
P3-28	C28	P3	GOVERNANCE	SINGOLA	docs/adr/0001-ecosistema-distrettuale-meccatronico.md	12	12	O.M.P. Precision S.r.l. (Quinzano d'Oglio / Verona)	Quinzano d'Oglio è in provincia di Brescia; il testo colloca O.M.P. a Verona Est (Cap.07 L74 San Michele Extra; Cap.09 L77, L99 Porta Vescovo, via dell'Artigianato).	Correggere ADR0001:12. Sede canonica superata dalla Mappa territoriale: «Cesena, area industriale» (Bibbia voce 8).	IMPLEMENTATA — IN ATTESA DI RICOLLAUDO
P3-29	C29	P3	FATTUALE	PADRE	Pref; Cap03; Cap04			lo studio legale di Elena Colombo (Cap.03 L214)	Elena è «consulente del lavoro e commercialista» (Pref L49), «studio legale» (Cap.03 L51, L214), «consulente di governance di rete» (Cap.04 L224).	Uniformare: «Studio Colombo & Associati, consulenza del lavoro e di rete».	APERTA
P3-29.Pref	C29	P3	FATTUALE	SOTTOVOCE	capitoli/PREFAZIONE_METODOLOGICA.md				vedi padre	vedi padre	APERTA
P3-29.Cap03	C29	P3	FATTUALE	SOTTOVOCE	capitoli/CAPITOLO_03_LA_CASSA_CHE_BRUCIA.md				vedi padre	vedi padre	APERTA
P3-29.Cap04	C29	P3	FATTUALE	SOTTOVOCE	capitoli/CAPITOLO_04_LA_PROMESSA_E_LA_MACCHINA.md				vedi padre	vedi padre	APERTA
P3-30	C30	P3	FATTUALE	PADRE	Cap05; Cap06; Toolkit			del polo logistico di LogiDistretto, a Sommacampagna (Cap.06 L5)	Sommacampagna (Cap.05 L11; Cap.06 L5) vs Interporto Quadrante Europa (Epilogo L9).	Uniformare la sede.	APERTA
P3-30.Cap05	C30	P3	FATTUALE	SOTTOVOCE	capitoli/CAPITOLO_05_LA_TRAPPOLA_DELLA_DELEGA.md				vedi padre	vedi padre	APERTA
P3-30.Cap06	C30	P3	FATTUALE	SOTTOVOCE	capitoli/CAPITOLO_06_LA_GUERRA_DEI_FOGLI_EXCEL.md				vedi padre	vedi padre	APERTA
P3-30.Toolkit	C30	P3	FATTUALE	SOTTOVOCE	capitoli/EPILOGO_E_TOOLKIT_OPERATIVO.md				vedi padre	vedi padre	APERTA
P3-31	C31	P3	FATTUALE	SINGOLA	capitoli/EPILOGO_E_TOOLKIT_OPERATIVO.md	15	450	un maestro d'officina con ventotto anni di reparto si vede scavalcato da un giovane manager esterno	L15 fonde Dario (28 anni) e Marta (scavalcata, 22 anni); L450 «boccola aerospaziale» e «quote al centesimo di millimetro».	«una capotecnica con ventidue anni di reparto»; «boccola per robot» e tolleranza canonica.	APERTA
